City,Year,Population,Growth-Rate,,,,
Matadi,1950,60000,0,,,,
Mbandaka,1950,18000,0,,,,
Kolwezi,1950,31000,0,,,,
Kikwit,1950,5000,0,,,,
Kabinda,1950,2000,0,,,,
Likasi,1950,48000,0,,,,
Uvira,1950,2000,0,,,,
Goma,1950,5000,0,,,,
Bunia,1950,6000,0,,,,
Tshikapa,1950,8000,0,,,,
Bukavu,1950,16000,0,,,,
Kisangani,1950,38000,0,,,,
Kananga,1950,27000,0,,,,
Lubumbashi,1950,96000,0,,,,
Mbuji-Mayi,1950,68000,0,,,,
Kinshasa,1950,202000,0,,,,
Matadi,1951,62000,0.0333,,,,
Mbandaka,1951,20000,0.1111,,,,
Kolwezi,1951,32000,0.0323,,,,
Kikwit,1951,6000,0.2,,,,
Kabinda,1951,2000,0,,,,
Likasi,1951,51000,0.0625,,,,
Uvira,1951,2000,0,,,,
Goma,1951,6000,0.2,,,,
Bunia,1951,7000,0.1667,,,,
Tshikapa,1951,9000,0.125,,,,
Bukavu,1951,18000,0.125,,,,
Kisangani,1951,42000,0.1053,,,,
Kananga,1951,31000,0.1481,,,,
Lubumbashi,1951,107000,0.1146,,,,
Mbuji-Mayi,1951,73000,0.0735,,,,
Kinshasa,1951,217000,0.0743,,,,
Matadi,1952,64000,0.0323,,,,
Mbandaka,1952,21000,0.05,,,,
Kolwezi,1952,34000,0.0625,,,,
Kikwit,1952,7000,0.1667,,,,
Kabinda,1952,2000,0,,,,
Likasi,1952,54000,0.0588,,,,
Uvira,1952,2000,0,,,,
Goma,1952,6000,0,,,,
Bunia,1952,7000,0,,,,
Tshikapa,1952,10000,0.1111,,,,
Bukavu,1952,20000,0.1111,,,,
Kisangani,1952,46000,0.0952,,,,
Kananga,1952,35000,0.129,,,,
Lubumbashi,1952,116000,0.0841,,,,
Mbuji-Mayi,1952,78000,0.0685,,,,
Kinshasa,1952,234000,0.0783,,,,
Matadi,1953,66000,0.0313,,,,
Mbandaka,1953,23000,0.0952,,,,
Kolwezi,1953,35000,0.0294,,,,
Kikwit,1953,8000,0.1429,,,,
Kabinda,1953,2000,0,,,,
Likasi,1953,57000,0.0556,,,,
Uvira,1953,2000,0,,,,
Goma,1953,7000,0.1667,,,,
Bunia,1953,8000,0.1429,,,,
Tshikapa,1953,10000,0,,,,
Bukavu,1953,22000,0.1,,,,
Kisangani,1953,50000,0.087,,,,
Kananga,1953,39000,0.1143,,,,
Lubumbashi,1953,125000,0.0776,,,,
Mbuji-Mayi,1953,83000,0.0641,,,,
Kinshasa,1953,252000,0.0769,,,,
Matadi,1954,68000,0.0303,,,,
Mbandaka,1954,26000,0.1304,,,,
Kolwezi,1954,37000,0.0571,,,,
Kikwit,1954,10000,0.25,,,,
Kabinda,1954,2000,0,,,,
Likasi,1954,60000,0.0526,,,,
Uvira,1954,3000,0.5,,,,
Goma,1954,8000,0.1429,,,,
Bunia,1954,8000,0,,,,
Tshikapa,1954,11000,0.1,,,,
Bukavu,1954,25000,0.1364,,,,
Kisangani,1954,55000,0.1,,,,
Kananga,1954,45000,0.1538,,,,
Lubumbashi,1954,135000,0.08,,,,
Mbuji-Mayi,1954,90000,0.0843,,,,
Kinshasa,1954,272000,0.0794,,,,
Matadi,1955,70000,0.0294,,,,
Mbandaka,1955,28000,0.0769,,,,
Kolwezi,1955,38000,0.027,,,,
Kikwit,1955,11000,0.1,,,,
Kabinda,1955,2000,0,,,,
Likasi,1955,64000,0.0667,,,,
Uvira,1955,3000,0,,,,
Goma,1955,9000,0.125,,,,
Bunia,1955,9000,0.125,,,,
Tshikapa,1955,12000,0.0909,,,,
Bukavu,1955,28000,0.12,,,,
Kisangani,1955,60000,0.0909,,,,
Kananga,1955,51000,0.1333,,,,
Lubumbashi,1955,145000,0.0741,,,,
Mbuji-Mayi,1955,96000,0.0667,,,,
Kinshasa,1955,292000,0.0735,,,,
Matadi,1956,72000,0.0286,,,,
Mbandaka,1956,31000,0.1071,,,,
Kolwezi,1956,40000,0.0526,,,,
Kikwit,1956,13000,0.1818,,,,
Kabinda,1956,3000,0.5,,,,
Likasi,1956,68000,0.0625,,,,
Uvira,1956,3000,0,,,,
Goma,1956,10000,0.1111,,,,
Bunia,1956,10000,0.1111,,,,
Tshikapa,1956,13000,0.0833,,,,
Bukavu,1956,31000,0.1071,,,,
Kisangani,1956,66000,0.1,,,,
Kananga,1956,58000,0.1373,,,,
Lubumbashi,1956,157000,0.0828,,,,
Mbuji-Mayi,1956,103000,0.0729,,,,
Kinshasa,1956,315000,0.0788,,,,
Matadi,1957,74000,0.0278,,,,
Mbandaka,1957,34000,0.0968,,,,
Kolwezi,1957,42000,0.05,,,,
Kikwit,1957,16000,0.2308,,,,
Kabinda,1957,3000,0,,,,
Likasi,1957,72000,0.0588,,,,
Uvira,1957,4000,0.3333,,,,
Goma,1957,11000,0.1,,,,
Bunia,1957,11000,0.1,,,,
Tshikapa,1957,14000,0.0769,,,,
Bukavu,1957,35000,0.129,,,,
Kisangani,1957,79000,0.197,,,,
Kananga,1957,61000,0.0517,,,,
Lubumbashi,1957,165000,0.051,,,,
Mbuji-Mayi,1957,111000,0.0777,,,,
Kinshasa,1957,339000,0.0762,,,,
Matadi,1958,76000,0.027,,,,
Mbandaka,1958,38000,0.1176,,,,
Kolwezi,1958,43000,0.0238,,,,
Kikwit,1958,19000,0.1875,,,,
Kabinda,1958,3000,0,,,,
Likasi,1958,77000,0.0694,,,,
Uvira,1958,4000,0,,,,
Goma,1958,13000,0.1818,,,,
Bunia,1958,11000,0,,,,
Tshikapa,1958,15000,0.0714,,,,
Bukavu,1958,38000,0.0857,,,,
Kisangani,1958,94000,0.1899,,,,
Kananga,1958,65000,0.0656,,,,
Lubumbashi,1958,174000,0.0545,,,,
Mbuji-Mayi,1958,119000,0.0721,,,,
Kinshasa,1958,365000,0.0767,,,,
Matadi,1959,79000,0.0395,,,,
Mbandaka,1959,42000,0.1053,,,,
Kolwezi,1959,45000,0.0465,,,,
Kikwit,1959,23000,0.2105,,,,
Kabinda,1959,3000,0,,,,
Likasi,1959,82000,0.0649,,,,
Uvira,1959,5000,0.25,,,,
Goma,1959,14000,0.0769,,,,
Bunia,1959,12000,0.0909,,,,
Tshikapa,1959,16000,0.0667,,,,
Bukavu,1959,43000,0.1316,,,,
Kisangani,1959,112000,0.1915,,,,
Kananga,1959,69000,0.0615,,,,
Lubumbashi,1959,184000,0.0575,,,,
Mbuji-Mayi,1959,127000,0.0672,,,,
Kinshasa,1959,402000,0.1014,,,,
Matadi,1960,81000,0.0253,,,,
Mbandaka,1960,46000,0.0952,,,,
Kolwezi,1960,48000,0.0667,,,,
Kikwit,1960,27000,0.1739,,,,
Kabinda,1960,3000,0,,,,
Likasi,1960,87000,0.061,,,,
Uvira,1960,5000,0,,,,
Goma,1960,16000,0.1429,,,,
Bunia,1960,13000,0.0833,,,,
Tshikapa,1960,18000,0.125,,,,
Bukavu,1960,48000,0.1163,,,,
Kisangani,1960,134000,0.1964,,,,
Kananga,1960,73000,0.058,,,,
Lubumbashi,1960,194000,0.0543,,,,
Mbuji-Mayi,1960,136000,0.0709,,,,
Kinshasa,1960,443000,0.102,,,,
Matadi,1961,84000,0.037,,,,
Mbandaka,1961,50000,0.087,,,,
Kolwezi,1961,50000,0.0417,,,,
Kikwit,1961,31000,0.1481,,,,
Kabinda,1961,4000,0.3333,,,,
Likasi,1961,89000,0.023,,,,
Uvira,1961,6000,0.2,,,,
Goma,1961,18000,0.125,,,,
Bunia,1961,14000,0.0769,,,,
Tshikapa,1961,19000,0.0556,,,,
Bukavu,1961,53000,0.1042,,,,
Kisangani,1961,142000,0.0597,,,,
Kananga,1961,77000,0.0548,,,,
Lubumbashi,1961,204000,0.0515,,,,
Mbuji-Mayi,1961,146000,0.0735,,,,
Kinshasa,1961,488000,0.1016,,,,
Matadi,1962,87000,0.0357,,,,
Mbandaka,1962,55000,0.1,,,,
Kolwezi,1962,53000,0.06,,,,
Kikwit,1962,36000,0.1613,,,,
Kabinda,1962,4000,0,,,,
Likasi,1962,92000,0.0337,,,,
Uvira,1962,7000,0.1667,,,,
Goma,1962,20000,0.1111,,,,
Bunia,1962,16000,0.1429,,,,
Tshikapa,1962,21000,0.1053,,,,
Bukavu,1962,59000,0.1132,,,,
Kisangani,1962,150000,0.0563,,,,
Kananga,1962,82000,0.0649,,,,
Lubumbashi,1962,215000,0.0539,,,,
Mbuji-Mayi,1962,157000,0.0753,,,,
Kinshasa,1962,537000,0.1004,,,,
Matadi,1963,90000,0.0345,,,,
Mbandaka,1963,60000,0.0909,,,,
Kolwezi,1963,56000,0.0566,,,,
Kikwit,1963,42000,0.1667,,,,
Kabinda,1963,4000,0,,,,
Likasi,1963,94000,0.0217,,,,
Uvira,1963,7000,0,,,,
Goma,1963,22000,0.1,,,,
Bunia,1963,17000,0.0625,,,,
Tshikapa,1963,23000,0.0952,,,,
Bukavu,1963,66000,0.1186,,,,
Kisangani,1963,159000,0.06,,,,
Kananga,1963,87000,0.061,,,,
Lubumbashi,1963,226000,0.0512,,,,
Mbuji-Mayi,1963,168000,0.0701,,,,
Kinshasa,1963,591000,0.1006,,,,
Matadi,1964,93000,0.0333,,,,
Mbandaka,1964,65000,0.0833,,,,
Kolwezi,1964,59000,0.0536,,,,
Kikwit,1964,49000,0.1667,,,,
Kabinda,1964,5000,0.25,,,,
Likasi,1964,97000,0.0319,,,,
Uvira,1964,8000,0.1429,,,,
Goma,1964,25000,0.1364,,,,
Bunia,1964,18000,0.0588,,,,
Tshikapa,1964,24000,0.0435,,,,
Bukavu,1964,73000,0.1061,,,,
Kisangani,1964,168000,0.0566,,,,
Kananga,1964,92000,0.0575,,,,
Lubumbashi,1964,238000,0.0531,,,,
Mbuji-Mayi,1964,181000,0.0774,,,,
Kinshasa,1964,651000,0.1015,,,,
Matadi,1965,96000,0.0323,,,,
Mbandaka,1965,71000,0.0923,,,,
Kolwezi,1965,62000,0.0508,,,,
Kikwit,1965,57000,0.1633,,,,
Kabinda,1965,5000,0,,,,
Likasi,1965,99000,0.0206,,,,
Uvira,1965,9000,0.125,,,,
Goma,1965,28000,0.12,,,,
Bunia,1965,20000,0.1111,,,,
Tshikapa,1965,26000,0.0833,,,,
Bukavu,1965,81000,0.1096,,,,
Kisangani,1965,178000,0.0595,,,,
Kananga,1965,98000,0.0652,,,,
Lubumbashi,1965,251000,0.0546,,,,
Mbuji-Mayi,1965,194000,0.0718,,,,
Kinshasa,1965,717000,0.1014,,,,
Matadi,1966,99000,0.0313,,,,
Mbandaka,1966,78000,0.0986,,,,
Kolwezi,1966,66000,0.0645,,,,
Kikwit,1966,66000,0.1579,,,,
Kabinda,1966,6000,0.2,,,,
Likasi,1966,102000,0.0303,,,,
Uvira,1966,10000,0.1111,,,,
Goma,1966,31000,0.1071,,,,
Bunia,1966,21000,0.05,,,,
Tshikapa,1966,28000,0.0769,,,,
Bukavu,1966,91000,0.1235,,,,
Kisangani,1966,188000,0.0562,,,,
Kananga,1966,104000,0.0612,,,,
Lubumbashi,1966,264000,0.0518,,,,
Mbuji-Mayi,1966,208000,0.0722,,,,
Kinshasa,1966,790000,0.1018,,,,
Matadi,1967,102000,0.0303,,,,
Mbandaka,1967,85000,0.0897,,,,
Kolwezi,1967,69000,0.0455,,,,
Kikwit,1967,77000,0.1667,,,,
Kabinda,1967,6000,0,,,,
Likasi,1967,111000,0.0882,,,,
Uvira,1967,11000,0.1,,,,
Goma,1967,35000,0.129,,,,
Bunia,1967,23000,0.0952,,,,
Tshikapa,1967,31000,0.1071,,,,
Bukavu,1967,101000,0.1099,,,,
Kisangani,1967,199000,0.0585,,,,
Kananga,1967,110000,0.0577,,,,
Lubumbashi,1967,278000,0.053,,,,
Mbuji-Mayi,1967,223000,0.0721,,,,
Kinshasa,1967,869000,0.1,,,,
Matadi,1968,106000,0.0392,,,,
Mbandaka,1968,93000,0.0941,,,,
Kolwezi,1968,73000,0.058,,,,
Kikwit,1968,90000,0.1688,,,,
Kabinda,1968,7000,0.1667,,,,
Likasi,1968,123000,0.1081,,,,
Uvira,1968,13000,0.1818,,,,
Goma,1968,39000,0.1143,,,,
Bunia,1968,25000,0.087,,,,
Tshikapa,1968,33000,0.0645,,,,
Bukavu,1968,112000,0.1089,,,,
Kisangani,1968,210000,0.0553,,,,
Kananga,1968,117000,0.0636,,,,
Lubumbashi,1968,293000,0.054,,,,
Mbuji-Mayi,1968,239000,0.0717,,,,
Kinshasa,1968,939000,0.0806,,,,
Matadi,1969,109000,0.0283,,,,
Mbandaka,1969,102000,0.0968,,,,
Kolwezi,1969,77000,0.0548,,,,
Kikwit,1969,104000,0.1556,,,,
Kabinda,1969,7000,0,,,,
Likasi,1969,136000,0.1057,,,,
Uvira,1969,14000,0.0769,,,,
Goma,1969,43000,0.1026,,,,
Bunia,1969,27000,0.08,,,,
Tshikapa,1969,36000,0.0909,,,,
Bukavu,1969,125000,0.1161,,,,
Kisangani,1969,222000,0.0571,,,,
Kananga,1969,124000,0.0598,,,,
Lubumbashi,1969,309000,0.0546,,,,
Mbuji-Mayi,1969,256000,0.0711,,,,
Kinshasa,1969,1002000,0.0671,,,,
Matadi,1970,113000,0.0367,,,,
Mbandaka,1970,111000,0.0882,,,,
Kolwezi,1970,82000,0.0649,,,,
Kikwit,1970,121000,0.1635,,,,
Kabinda,1970,8000,0.1429,,,,
Likasi,1970,150000,0.1029,,,,
Uvira,1970,16000,0.1429,,,,
Goma,1970,49000,0.1395,,,,
Bunia,1970,29000,0.0741,,,,
Tshikapa,1970,39000,0.0833,,,,
Bukavu,1970,139000,0.112,,,,
Kisangani,1970,235000,0.0586,,,,
Kananga,1970,131000,0.0565,,,,
Lubumbashi,1970,325000,0.0518,,,,
Mbuji-Mayi,1970,275000,0.0742,,,,
Kinshasa,1970,1070000,0.0679,,,,
Matadi,1971,115000,0.0177,,,,
Mbandaka,1971,113000,0.018,,,,
Kolwezi,1971,92000,0.122,,,,
Kikwit,1971,123000,0.0165,,,,
Kabinda,1971,9000,0.125,,,,
Likasi,1971,154000,0.0267,,,,
Uvira,1971,18000,0.125,,,,
Goma,1971,50000,0.0204,,,,
Bunia,1971,30000,0.0345,,,,
Tshikapa,1971,42000,0.0769,,,,
Bukavu,1971,141000,0.0144,,,,
Kisangani,1971,240000,0.0213,,,,
Kananga,1971,139000,0.0611,,,,
Lubumbashi,1971,338000,0.04,,,,
Mbuji-Mayi,1971,286000,0.04,,,,
Kinshasa,1971,1142000,0.0673,,,,
Matadi,1972,116000,0.0087,,,,
Mbandaka,1972,115000,0.0177,,,,
Kolwezi,1972,103000,0.1196,,,,
Kikwit,1972,125000,0.0163,,,,
Kabinda,1972,9000,0,,,,
Likasi,1972,158000,0.026,,,,
Uvira,1972,20000,0.1111,,,,
Goma,1972,52000,0.04,,,,
Bunia,1972,32000,0.0667,,,,
Tshikapa,1972,45000,0.0714,,,,
Bukavu,1972,143000,0.0142,,,,
Kisangani,1972,245000,0.0208,,,,
Kananga,1972,147000,0.0576,,,,
Lubumbashi,1972,352000,0.0414,,,,
Mbuji-Mayi,1972,298000,0.042,,,,
Kinshasa,1972,1219000,0.0674,,,,
Matadi,1973,118000,0.0172,,,,
Mbandaka,1973,116000,0.0087,,,,
Kolwezi,1973,116000,0.1262,,,,
Kikwit,1973,126000,0.008,,,,
Kabinda,1973,10000,0.1111,,,,
Likasi,1973,162000,0.0253,,,,
Uvira,1973,22000,0.1,,,,
Goma,1973,54000,0.0385,,,,
Bunia,1973,34000,0.0625,,,,
Tshikapa,1973,49000,0.0889,,,,
Bukavu,1973,145000,0.014,,,,
Kisangani,1973,251000,0.0245,,,,
Kananga,1973,156000,0.0612,,,,
Lubumbashi,1973,366000,0.0398,,,,
Mbuji-Mayi,1973,311000,0.0436,,,,
Kinshasa,1973,1301000,0.0673,,,,
Matadi,1974,120000,0.0169,,,,
Mbandaka,1974,118000,0.0172,,,,
Kolwezi,1974,130000,0.1207,,,,
Kikwit,1974,128000,0.0159,,,,
Kabinda,1974,11000,0.1,,,,
Likasi,1974,166000,0.0247,,,,
Uvira,1974,25000,0.1364,,,,
Goma,1974,56000,0.037,,,,
Bunia,1974,35000,0.0294,,,,
Tshikapa,1974,53000,0.0816,,,,
Bukavu,1974,147000,0.0138,,,,
Kisangani,1974,256000,0.0199,,,,
Kananga,1974,166000,0.0641,,,,
Lubumbashi,1974,381000,0.041,,,,
Mbuji-Mayi,1974,324000,0.0418,,,,
Kinshasa,1974,1388000,0.0669,,,,
Matadi,1975,122000,0.0167,,,,
Mbandaka,1975,120000,0.0169,,,,
Kolwezi,1975,146000,0.1231,,,,
Kikwit,1975,130000,0.0156,,,,
Kabinda,1975,12000,0.0909,,,,
Likasi,1975,170000,0.0241,,,,
Uvira,1975,28000,0.12,,,,
Goma,1975,58000,0.0357,,,,
Bunia,1975,37000,0.0571,,,,
Tshikapa,1975,57000,0.0755,,,,
Bukavu,1975,149000,0.0136,,,,
Kisangani,1975,262000,0.0234,,,,
Kananga,1975,176000,0.0602,,,,
Lubumbashi,1975,396000,0.0394,,,,
Mbuji-Mayi,1975,337000,0.0401,,,,
Kinshasa,1975,1482000,0.0677,,,,
Matadi,1976,123000,0.0082,,,,
Mbandaka,1976,122000,0.0167,,,,
Kolwezi,1976,164000,0.1233,,,,
Kikwit,1976,132000,0.0154,,,,
Kabinda,1976,13000,0.0833,,,,
Likasi,1976,175000,0.0294,,,,
Uvira,1976,31000,0.1071,,,,
Goma,1976,59000,0.0172,,,,
Bunia,1976,39000,0.0541,,,,
Tshikapa,1976,62000,0.0877,,,,
Bukavu,1976,151000,0.0134,,,,
Kisangani,1976,267000,0.0191,,,,
Kananga,1976,187000,0.0625,,,,
Lubumbashi,1976,412000,0.0404,,,,
Mbuji-Mayi,1976,351000,0.0415,,,,
Kinshasa,1976,1582000,0.0675,,,,
Matadi,1977,125000,0.0163,,,,
Mbandaka,1977,124000,0.0164,,,,
Kolwezi,1977,184000,0.122,,,,
Kikwit,1977,134000,0.0152,,,,
Kabinda,1977,14000,0.0769,,,,
Likasi,1977,179000,0.0229,,,,
Uvira,1977,34000,0.0968,,,,
Goma,1977,62000,0.0508,,,,
Bunia,1977,41000,0.0513,,,,
Tshikapa,1977,67000,0.0806,,,,
Bukavu,1977,153000,0.0132,,,,
Kisangani,1977,273000,0.0225,,,,
Kananga,1977,198000,0.0588,,,,
Lubumbashi,1977,428000,0.0388,,,,
Mbuji-Mayi,1977,366000,0.0427,,,,
Kinshasa,1977,1688000,0.067,,,,
Matadi,1978,127000,0.016,,,,
Mbandaka,1978,125000,0.0081,,,,
Kolwezi,1978,207000,0.125,,,,
Kikwit,1978,136000,0.0149,,,,
Kabinda,1978,15000,0.0714,,,,
Likasi,1978,184000,0.0279,,,,
Uvira,1978,38000,0.1176,,,,
Goma,1978,64000,0.0323,,,,
Bunia,1978,44000,0.0732,,,,
Tshikapa,1978,73000,0.0896,,,,
Bukavu,1978,155000,0.0131,,,,
Kisangani,1978,279000,0.022,,,,
Kananga,1978,210000,0.0606,,,,
Lubumbashi,1978,446000,0.0421,,,,
Mbuji-Mayi,1978,381000,0.041,,,,
Kinshasa,1978,1802000,0.0675,,,,
Matadi,1979,129000,0.0157,,,,
Mbandaka,1979,127000,0.016,,,,
Kolwezi,1979,233000,0.1256,,,,
Kikwit,1979,138000,0.0147,,,,
Kabinda,1979,16000,0.0667,,,,
Likasi,1979,188000,0.0217,,,,
Uvira,1979,43000,0.1316,,,,
Goma,1979,66000,0.0313,,,,
Bunia,1979,46000,0.0455,,,,
Tshikapa,1979,79000,0.0822,,,,
Bukavu,1979,157000,0.0129,,,,
Kisangani,1979,285000,0.0215,,,,
Kananga,1979,223000,0.0619,,,,
Lubumbashi,1979,464000,0.0404,,,,
Mbuji-Mayi,1979,397000,0.042,,,,
Kinshasa,1979,1923000,0.0671,,,,
Matadi,1980,131000,0.0155,,,,
Mbandaka,1980,129000,0.0157,,,,
Kolwezi,1980,261000,0.1202,,,,
Kikwit,1980,141000,0.0217,,,,
Kabinda,1980,18000,0.125,,,,
Likasi,1980,193000,0.0266,,,,
Uvira,1980,48000,0.1163,,,,
Goma,1980,68000,0.0303,,,,
Bunia,1980,48000,0.0435,,,,
Tshikapa,1980,85000,0.0759,,,,
Bukavu,1980,159000,0.0127,,,,
Kisangani,1980,291000,0.0211,,,,
Kananga,1980,236000,0.0583,,,,
Lubumbashi,1980,482000,0.0388,,,,
Mbuji-Mayi,1980,413000,0.0403,,,,
Kinshasa,1980,2053000,0.0676,,,,
Matadi,1981,133000,0.0153,,,,
Mbandaka,1981,131000,0.0155,,,,
Kolwezi,1981,293000,0.1226,,,,
Kikwit,1981,143000,0.0142,,,,
Kabinda,1981,19000,0.0556,,,,
Likasi,1981,198000,0.0259,,,,
Uvira,1981,53000,0.1042,,,,
Goma,1981,70000,0.0294,,,,
Bunia,1981,51000,0.0625,,,,
Tshikapa,1981,92000,0.0824,,,,
Bukavu,1981,161000,0.0126,,,,
Kisangani,1981,298000,0.0241,,,,
Kananga,1981,250000,0.0593,,,,
Lubumbashi,1981,502000,0.0415,,,,
Mbuji-Mayi,1981,430000,0.0412,,,,
Kinshasa,1981,2191000,0.0672,,,,
Matadi,1982,135000,0.015,,,,
Mbandaka,1982,133000,0.0153,,,,
Kolwezi,1982,330000,0.1263,,,,
Kikwit,1982,145000,0.014,,,,
Kabinda,1982,21000,0.1053,,,,
Likasi,1982,203000,0.0253,,,,
Uvira,1982,60000,0.1321,,,,
Goma,1982,73000,0.0429,,,,
Bunia,1982,54000,0.0588,,,,
Tshikapa,1982,99000,0.0761,,,,
Bukavu,1982,164000,0.0186,,,,
Kisangani,1982,304000,0.0201,,,,
Kananga,1982,266000,0.064,,,,
Lubumbashi,1982,522000,0.0398,,,,
Mbuji-Mayi,1982,448000,0.0419,,,,
Kinshasa,1982,2338000,0.0671,,,,
Matadi,1983,137000,0.0148,,,,
Mbandaka,1983,135000,0.015,,,,
Kolwezi,1983,370000,0.1212,,,,
Kikwit,1983,147000,0.0138,,,,
Kabinda,1983,23000,0.0952,,,,
Likasi,1983,208000,0.0246,,,,
Uvira,1983,67000,0.1167,,,,
Goma,1983,75000,0.0274,,,,
Bunia,1983,57000,0.0556,,,,
Tshikapa,1983,107000,0.0808,,,,
Bukavu,1983,166000,0.0122,,,,
Kisangani,1983,311000,0.023,,,,
Kananga,1983,282000,0.0602,,,,
Lubumbashi,1983,543000,0.0402,,,,
Mbuji-Mayi,1983,467000,0.0424,,,,
Kinshasa,1983,2496000,0.0676,,,,
Matadi,1984,139000,0.0146,,,,
Mbandaka,1984,137000,0.0148,,,,
Kolwezi,1984,416000,0.1243,,,,
Kikwit,1984,149000,0.0136,,,,
Kabinda,1984,25000,0.087,,,,
Likasi,1984,214000,0.0288,,,,
Uvira,1984,74000,0.1045,,,,
Goma,1984,78000,0.04,,,,
Bunia,1984,60000,0.0526,,,,
Tshikapa,1984,116000,0.0841,,,,
Bukavu,1984,168000,0.012,,,,
Kisangani,1984,318000,0.0225,,,,
Kananga,1984,299000,0.0603,,,,
Lubumbashi,1984,565000,0.0405,,,,
Mbuji-Mayi,1984,486000,0.0407,,,,
Kinshasa,1984,2664000,0.0673,,,,
Matadi,1985,143000,0.0288,,,,
Mbandaka,1985,142000,0.0365,,,,
Kolwezi,1985,418000,0.0048,,,,
Kikwit,1985,154000,0.0336,,,,
Kabinda,1985,27000,0.08,,,,
Likasi,1985,220000,0.028,,,,
Uvira,1985,79000,0.0676,,,,
Goma,1985,83000,0.0641,,,,
Bunia,1985,64000,0.0667,,,,
Tshikapa,1985,123000,0.0603,,,,
Bukavu,1985,177000,0.0536,,,,
Kisangani,1985,330000,0.0377,,,,
Kananga,1985,312000,0.0435,,,,
Lubumbashi,1985,588000,0.0407,,,,
Mbuji-Mayi,1985,509000,0.0473,,,,
Kinshasa,1985,2812000,0.0556,,,,
Matadi,1986,147000,0.028,,,,
Mbandaka,1986,146000,0.0282,,,,
Kolwezi,1986,420000,0.0048,,,,
Kikwit,1986,160000,0.039,,,,
Kabinda,1986,29000,0.0741,,,,
Likasi,1986,226000,0.0273,,,,
Uvira,1986,83000,0.0506,,,,
Goma,1986,88000,0.0602,,,,
Bunia,1986,68000,0.0625,,,,
Tshikapa,1986,130000,0.0569,,,,
Bukavu,1986,186000,0.0508,,,,
Kisangani,1986,343000,0.0394,,,,
Kananga,1986,326000,0.0449,,,,
Lubumbashi,1986,613000,0.0425,,,,
Mbuji-Mayi,1986,533000,0.0472,,,,
Kinshasa,1986,2968000,0.0555,,,,
Matadi,1987,151000,0.0272,,,,
Mbandaka,1987,151000,0.0342,,,,
Kolwezi,1987,422000,0.0048,,,,
Kikwit,1987,165000,0.0313,,,,
Kabinda,1987,32000,0.1034,,,,
Likasi,1987,232000,0.0265,,,,
Uvira,1987,88000,0.0602,,,,
Goma,1987,93000,0.0568,,,,
Bunia,1987,73000,0.0735,,,,
Tshikapa,1987,138000,0.0615,,,,
Bukavu,1987,196000,0.0538,,,,
Kisangani,1987,356000,0.0379,,,,
Kananga,1987,341000,0.046,,,,
Lubumbashi,1987,639000,0.0424,,,,
Mbuji-Mayi,1987,558000,0.0469,,,,
Kinshasa,1987,3133000,0.0556,,,,
Matadi,1988,156000,0.0331,,,,
Mbandaka,1988,156000,0.0331,,,,
Kolwezi,1988,424000,0.0047,,,,
Kikwit,1988,171000,0.0364,,,,
Kabinda,1988,34000,0.0625,,,,
Likasi,1988,238000,0.0259,,,,
Uvira,1988,94000,0.0682,,,,
Goma,1988,98000,0.0538,,,,
Bunia,1988,78000,0.0685,,,,
Tshikapa,1988,146000,0.058,,,,
Bukavu,1988,206000,0.051,,,,
Kisangani,1988,370000,0.0393,,,,
Kananga,1988,356000,0.044,,,,
Lubumbashi,1988,666000,0.0423,,,,
Mbuji-Mayi,1988,584000,0.0466,,,,
Kinshasa,1988,3307000,0.0555,,,,
Matadi,1989,160000,0.0256,,,,
Mbandaka,1989,161000,0.0321,,,,
Kolwezi,1989,426000,0.0047,,,,
Kikwit,1989,177000,0.0351,,,,
Kabinda,1989,37000,0.0882,,,,
Likasi,1989,245000,0.0294,,,,
Uvira,1989,99000,0.0532,,,,
Goma,1989,104000,0.0612,,,,
Bunia,1989,84000,0.0769,,,,
Tshikapa,1989,155000,0.0616,,,,
Bukavu,1989,217000,0.0534,,,,
Kisangani,1989,385000,0.0405,,,,
Kananga,1989,372000,0.0449,,,,
Lubumbashi,1989,693000,0.0405,,,,
Mbuji-Mayi,1989,611000,0.0462,,,,
Kinshasa,1989,3490000,0.0553,,,,
Matadi,1990,165000,0.0313,,,,
Mbandaka,1990,167000,0.0373,,,,
Kolwezi,1990,428000,0.0047,,,,
Kikwit,1990,183000,0.0339,,,,
Kabinda,1990,40000,0.0811,,,,
Likasi,1990,252000,0.0286,,,,
Uvira,1990,105000,0.0606,,,,
Goma,1990,111000,0.0673,,,,
Bunia,1990,89000,0.0595,,,,
Tshikapa,1990,164000,0.0581,,,,
Bukavu,1990,229000,0.0553,,,,
Kisangani,1990,400000,0.039,,,,
Kananga,1990,389000,0.0457,,,,
Lubumbashi,1990,722000,0.0418,,,,
Mbuji-Mayi,1990,640000,0.0475,,,,
Kinshasa,1990,3683000,0.0553,,,,
Matadi,1991,170000,0.0303,,,,
Mbandaka,1991,172000,0.0299,,,,
Kolwezi,1991,430000,0.0047,,,,
Kikwit,1991,189000,0.0328,,,,
Kabinda,1991,44000,0.1,,,,
Likasi,1991,258000,0.0238,,,,
Uvira,1991,111000,0.0571,,,,
Goma,1991,117000,0.0541,,,,
Bunia,1991,96000,0.0787,,,,
Tshikapa,1991,174000,0.061,,,,
Bukavu,1991,241000,0.0524,,,,
Kisangani,1991,415000,0.0375,,,,
Kananga,1991,406000,0.0437,,,,
Lubumbashi,1991,753000,0.0429,,,,
Mbuji-Mayi,1991,670000,0.0469,,,,
Kinshasa,1991,3888000,0.0557,,,,
Matadi,1992,174000,0.0235,,,,
Mbandaka,1992,178000,0.0349,,,,
Kolwezi,1992,432000,0.0047,,,,
Kikwit,1992,196000,0.037,,,,
Kabinda,1992,48000,0.0909,,,,
Likasi,1992,265000,0.0271,,,,
Uvira,1992,118000,0.0631,,,,
Goma,1992,124000,0.0598,,,,
Bunia,1992,102000,0.0625,,,,
Tshikapa,1992,184000,0.0575,,,,
Bukavu,1992,254000,0.0539,,,,
Kisangani,1992,431000,0.0386,,,,
Kananga,1992,425000,0.0468,,,,
Lubumbashi,1992,784000,0.0412,,,,
Mbuji-Mayi,1992,701000,0.0463,,,,
Kinshasa,1992,4104000,0.0556,,,,
Matadi,1993,180000,0.0345,,,,
Mbandaka,1993,184000,0.0337,,,,
Kolwezi,1993,434000,0.0046,,,,
Kikwit,1993,203000,0.0357,,,,
Kabinda,1993,52000,0.0833,,,,
Likasi,1993,273000,0.0302,,,,
Uvira,1993,125000,0.0593,,,,
Goma,1993,132000,0.0645,,,,
Bunia,1993,110000,0.0784,,,,
Tshikapa,1993,195000,0.0598,,,,
Bukavu,1993,267000,0.0512,,,,
Kisangani,1993,448000,0.0394,,,,
Kananga,1993,444000,0.0447,,,,
Lubumbashi,1993,817000,0.0421,,,,
Mbuji-Mayi,1993,734000,0.0471,,,,
Kinshasa,1993,4331000,0.0553,,,,
Matadi,1994,185000,0.0278,,,,
Mbandaka,1994,190000,0.0326,,,,
Kolwezi,1994,436000,0.0046,,,,
Kikwit,1994,210000,0.0345,,,,
Kabinda,1994,56000,0.0769,,,,
Likasi,1994,280000,0.0256,,,,
Uvira,1994,132000,0.056,,,,
Goma,1994,140000,0.0606,,,,
Bunia,1994,117000,0.0636,,,,
Tshikapa,1994,206000,0.0564,,,,
Bukavu,1994,281000,0.0524,,,,
Kisangani,1994,466000,0.0402,,,,
Kananga,1994,464000,0.045,,,,
Lubumbashi,1994,851000,0.0416,,,,
Mbuji-Mayi,1994,768000,0.0463,,,,
Kinshasa,1994,4571000,0.0554,,,,
Matadi,1995,190000,0.027,,,,
Mbandaka,1995,196000,0.0316,,,,
Kolwezi,1995,438000,0.0046,,,,
Kikwit,1995,217000,0.0333,,,,
Kabinda,1995,61000,0.0893,,,,
Likasi,1995,288000,0.0286,,,,
Uvira,1995,140000,0.0606,,,,
Goma,1995,148000,0.0571,,,,
Bunia,1995,125000,0.0684,,,,
Tshikapa,1995,218000,0.0583,,,,
Bukavu,1995,296000,0.0534,,,,
Kisangani,1995,484000,0.0386,,,,
Kananga,1995,485000,0.0453,,,,
Lubumbashi,1995,887000,0.0423,,,,
Mbuji-Mayi,1995,804000,0.0469,,,,
Kinshasa,1995,4825000,0.0556,,,,
Matadi,1996,196000,0.0316,,,,
Mbandaka,1996,203000,0.0357,,,,
Kolwezi,1996,440000,0.0046,,,,
Kikwit,1996,224000,0.0323,,,,
Kabinda,1996,66000,0.082,,,,
Likasi,1996,296000,0.0278,,,,
Uvira,1996,148000,0.0571,,,,
Goma,1996,157000,0.0608,,,,
Bunia,1996,134000,0.072,,,,
Tshikapa,1996,231000,0.0596,,,,
Bukavu,1996,312000,0.0541,,,,
Kisangani,1996,503000,0.0393,,,,
Kananga,1996,507000,0.0454,,,,
Lubumbashi,1996,924000,0.0417,,,,
Mbuji-Mayi,1996,842000,0.0473,,,,
Kinshasa,1996,5093000,0.0555,,,,
Matadi,1997,201000,0.0255,,,,
Mbandaka,1997,209000,0.0296,,,,
Kolwezi,1997,442000,0.0045,,,,
Kikwit,1997,232000,0.0357,,,,
Kabinda,1997,72000,0.0909,,,,
Likasi,1997,304000,0.027,,,,
Uvira,1997,157000,0.0608,,,,
Goma,1997,166000,0.0573,,,,
Bunia,1997,144000,0.0746,,,,
Tshikapa,1997,245000,0.0606,,,,
Bukavu,1997,329000,0.0545,,,,
Kisangani,1997,522000,0.0378,,,,
Kananga,1997,529000,0.0434,,,,
Lubumbashi,1997,963000,0.0422,,,,
Mbuji-Mayi,1997,881000,0.0463,,,,
Kinshasa,1997,5375000,0.0554,,,,
Matadi,1998,207000,0.0299,,,,
Mbandaka,1998,216000,0.0335,,,,
Kolwezi,1998,444000,0.0045,,,,
Kikwit,1998,240000,0.0345,,,,
Kabinda,1998,78000,0.0833,,,,
Likasi,1998,312000,0.0263,,,,
Uvira,1998,167000,0.0637,,,,
Goma,1998,176000,0.0602,,,,
Bunia,1998,154000,0.0694,,,,
Tshikapa,1998,260000,0.0612,,,,
Bukavu,1998,346000,0.0517,,,,
Kisangani,1998,543000,0.0402,,,,
Kananga,1998,553000,0.0454,,,,
Lubumbashi,1998,1003000,0.0415,,,,
Mbuji-Mayi,1998,922000,0.0465,,,,
Kinshasa,1998,5641000,0.0495,,,,
Matadi,1999,213000,0.029,,,,
Mbandaka,1999,223000,0.0324,,,,
Kolwezi,1999,446000,0.0045,,,,
Kikwit,1999,248000,0.0333,,,,
Kabinda,1999,84000,0.0769,,,,
Likasi,1999,321000,0.0288,,,,
Uvira,1999,176000,0.0539,,,,
Goma,1999,187000,0.0625,,,,
Bunia,1999,164000,0.0649,,,,
Tshikapa,1999,275000,0.0577,,,,
Bukavu,1999,364000,0.052,,,,
Kisangani,1999,564000,0.0387,,,,
Kananga,1999,578000,0.0452,,,,
Lubumbashi,1999,1045000,0.0419,,,,
Mbuji-Mayi,1999,966000,0.0477,,,,
Kinshasa,1999,5885000,0.0433,,,,
Matadi,2000,219000,0.0282,,,,
Mbandaka,2000,231000,0.0359,,,,
Kolwezi,2000,448000,0.0045,,,,
Kikwit,2000,257000,0.0363,,,,
Kabinda,2000,91000,0.0833,,,,
Likasi,2000,330000,0.028,,,,
Uvira,2000,187000,0.0625,,,,
Goma,2000,198000,0.0588,,,,
Bunia,2000,176000,0.0732,,,,
Tshikapa,2000,291000,0.0582,,,,
Bukavu,2000,384000,0.0549,,,,
Kisangani,2000,586000,0.039,,,,
Kananga,2000,604000,0.045,,,,
Lubumbashi,2000,1089000,0.0421,,,,
Mbuji-Mayi,2000,1011000,0.0466,,,,
Kinshasa,2000,6140000,0.0433,,,,
Matadi,2001,226000,0.032,,,,
Mbandaka,2001,238000,0.0303,,,,
Kolwezi,2001,450000,0.0045,,,,
Kikwit,2001,266000,0.035,,,,
Kabinda,2001,99000,0.0879,,,,
Likasi,2001,339000,0.0273,,,,
Uvira,2001,198000,0.0588,,,,
Goma,2001,210000,0.0606,,,,
Bunia,2001,188000,0.0682,,,,
Tshikapa,2001,308000,0.0584,,,,
Bukavu,2001,404000,0.0521,,,,
Kisangani,2001,609000,0.0392,,,,
Kananga,2001,631000,0.0447,,,,
Lubumbashi,2001,1135000,0.0422,,,,
Mbuji-Mayi,2001,1058000,0.0465,,,,
Kinshasa,2001,6406000,0.0433,,,,
Matadi,2002,232000,0.0265,,,,
Mbandaka,2002,246000,0.0336,,,,
Kolwezi,2002,452000,0.0044,,,,
Kikwit,2002,275000,0.0338,,,,
Kabinda,2002,108000,0.0909,,,,
Likasi,2002,348000,0.0265,,,,
Uvira,2002,210000,0.0606,,,,
Goma,2002,222000,0.0571,,,,
Bunia,2002,201000,0.0691,,,,
Tshikapa,2002,327000,0.0617,,,,
Bukavu,2002,425000,0.052,,,,
Kisangani,2002,632000,0.0378,,,,
Kananga,2002,660000,0.046,,,,
Lubumbashi,2002,1182000,0.0414,,,,
Mbuji-Mayi,2002,1108000,0.0473,,,,
Kinshasa,2002,6683000,0.0432,,,,
Matadi,2003,239000,0.0302,,,,
Mbandaka,2003,254000,0.0325,,,,
Kolwezi,2003,454000,0.0044,,,,
Kikwit,2003,284000,0.0327,,,,
Kabinda,2003,117000,0.0833,,,,
Likasi,2003,357000,0.0259,,,,
Uvira,2003,222000,0.0571,,,,
Goma,2003,236000,0.0631,,,,
Bunia,2003,216000,0.0746,,,,
Tshikapa,2003,346000,0.0581,,,,
Bukavu,2003,448000,0.0541,,,,
Kisangani,2003,657000,0.0396,,,,
Kananga,2003,689000,0.0439,,,,
Lubumbashi,2003,1232000,0.0423,,,,
Mbuji-Mayi,2003,1159000,0.046,,,,
Kinshasa,2003,6972000,0.0432,,,,
Matadi,2004,246000,0.0293,,,,
Mbandaka,2004,263000,0.0354,,,,
Kolwezi,2004,456000,0.0044,,,,
Kikwit,2004,294000,0.0352,,,,
Kabinda,2004,127000,0.0855,,,,
Likasi,2004,367000,0.028,,,,
Uvira,2004,235000,0.0586,,,,
Goma,2004,250000,0.0593,,,,
Bunia,2004,231000,0.0694,,,,
Tshikapa,2004,367000,0.0607,,,,
Bukavu,2004,472000,0.0536,,,,
Kisangani,2004,683000,0.0396,,,,
Kananga,2004,720000,0.045,,,,
Lubumbashi,2004,1283000,0.0414,,,,
Mbuji-Mayi,2004,1214000,0.0475,,,,
Kinshasa,2004,7274000,0.0433,,,,
Matadi,2005,253000,0.0285,,,,
Mbandaka,2005,271000,0.0304,,,,
Kolwezi,2005,459000,0.0066,,,,
Kikwit,2005,304000,0.034,,,,
Kabinda,2005,138000,0.0866,,,,
Likasi,2005,377000,0.0272,,,,
Uvira,2005,249000,0.0596,,,,
Goma,2005,265000,0.06,,,,
Bunia,2005,247000,0.0693,,,,
Tshikapa,2005,388000,0.0572,,,,
Bukavu,2005,497000,0.053,,,,
Kisangani,2005,709000,0.0381,,,,
Kananga,2005,753000,0.0458,,,,
Lubumbashi,2005,1337000,0.0421,,,,
Mbuji-Mayi,2005,1271000,0.047,,,,
Kinshasa,2005,7589000,0.0433,,,,
Matadi,2006,260000,0.0277,,,,
Mbandaka,2006,280000,0.0332,,,,
Kolwezi,2006,461000,0.0044,,,,
Kikwit,2006,315000,0.0362,,,,
Kabinda,2006,149000,0.0797,,,,
Likasi,2006,388000,0.0292,,,,
Uvira,2006,264000,0.0602,,,,
Goma,2006,281000,0.0604,,,,
Bunia,2006,264000,0.0688,,,,
Tshikapa,2006,411000,0.0593,,,,
Bukavu,2006,523000,0.0523,,,,
Kisangani,2006,737000,0.0395,,,,
Kananga,2006,787000,0.0452,,,,
Lubumbashi,2006,1393000,0.0419,,,,
Mbuji-Mayi,2006,1330000,0.0464,,,,
Kinshasa,2006,7918000,0.0434,,,,
Matadi,2007,268000,0.0308,,,,
Mbandaka,2007,290000,0.0357,,,,
Kolwezi,2007,463000,0.0043,,,,
Kikwit,2007,326000,0.0349,,,,
Kabinda,2007,162000,0.0872,,,,
Likasi,2007,398000,0.0258,,,,
Uvira,2007,279000,0.0568,,,,
Goma,2007,298000,0.0605,,,,
Bunia,2007,283000,0.072,,,,
Tshikapa,2007,436000,0.0608,,,,
Bukavu,2007,551000,0.0535,,,,
Kisangani,2007,766000,0.0393,,,,
Kananga,2007,822000,0.0445,,,,
Lubumbashi,2007,1452000,0.0424,,,,
Mbuji-Mayi,2007,1392000,0.0466,,,,
Kinshasa,2007,8261000,0.0433,,,,
Matadi,2008,276000,0.0299,,,,
Mbandaka,2008,299000,0.031,,,,
Kolwezi,2008,465000,0.0043,,,,
Kikwit,2008,337000,0.0337,,,,
Kabinda,2008,176000,0.0864,,,,
Likasi,2008,409000,0.0276,,,,
Uvira,2008,296000,0.0609,,,,
Goma,2008,316000,0.0604,,,,
Bunia,2008,302000,0.0671,,,,
Tshikapa,2008,461000,0.0573,,,,
Bukavu,2008,580000,0.0526,,,,
Kisangani,2008,796000,0.0392,,,,
Kananga,2008,859000,0.045,,,,
Lubumbashi,2008,1513000,0.042,,,,
Mbuji-Mayi,2008,1458000,0.0474,,,,
Kinshasa,2008,8619000,0.0433,,,,
Matadi,2009,284000,0.029,,,,
Mbandaka,2009,309000,0.0334,,,,
Kolwezi,2009,467000,0.0043,,,,
Kikwit,2009,349000,0.0356,,,,
Kabinda,2009,191000,0.0852,,,,
Likasi,2009,420000,0.0269,,,,
Uvira,2009,314000,0.0608,,,,
Goma,2009,335000,0.0601,,,,
Bunia,2009,324000,0.0728,,,,
Tshikapa,2009,489000,0.0607,,,,
Bukavu,2009,611000,0.0534,,,,
Kisangani,2009,827000,0.0389,,,,
Kananga,2009,898000,0.0454,,,,
Lubumbashi,2009,1576000,0.0416,,,,
Mbuji-Mayi,2009,1526000,0.0466,,,,
Kinshasa,2009,8992000,0.0433,,,,
Matadi,2010,292000,0.0282,,,,
Mbandaka,2010,319000,0.0324,,,,
Kolwezi,2010,469000,0.0043,,,,
Kikwit,2010,361000,0.0344,,,,
Kabinda,2010,207000,0.0838,,,,
Likasi,2010,432000,0.0286,,,,
Uvira,2010,332000,0.0573,,,,
Goma,2010,355000,0.0597,,,,
Bunia,2010,346000,0.0679,,,,
Tshikapa,2010,518000,0.0593,,,,
Bukavu,2010,643000,0.0524,,,,
Kisangani,2010,859000,0.0387,,,,
Kananga,2010,938000,0.0445,,,,
Lubumbashi,2010,1642000,0.0419,,,,
Mbuji-Mayi,2010,1598000,0.0472,,,,
Kinshasa,2010,9382000,0.0434,,,,
Matadi,2011,300000,0.0274,,,,
Mbandaka,2011,330000,0.0345,,,,
Kolwezi,2011,471000,0.0043,,,,
Kikwit,2011,373000,0.0332,,,,
Kabinda,2011,224000,0.0821,,,,
Likasi,2011,444000,0.0278,,,,
Uvira,2011,352000,0.0602,,,,
Goma,2011,376000,0.0592,,,,
Bunia,2011,371000,0.0723,,,,
Tshikapa,2011,548000,0.0579,,,,
Bukavu,2011,678000,0.0544,,,,
Kisangani,2011,893000,0.0396,,,,
Kananga,2011,981000,0.0458,,,,
Lubumbashi,2011,1711000,0.042,,,,
Mbuji-Mayi,2011,1672000,0.0463,,,,
Kinshasa,2011,9788000,0.0433,,,,
Matadi,2012,309000,0.03,,,,
Mbandaka,2012,341000,0.0333,,,,
Kolwezi,2012,474000,0.0064,,,,
Kikwit,2012,386000,0.0349,,,,
Kabinda,2012,244000,0.0893,,,,
Likasi,2012,456000,0.027,,,,
Uvira,2012,373000,0.0597,,,,
Goma,2012,398000,0.0585,,,,
Bunia,2012,397000,0.0701,,,,
Tshikapa,2012,581000,0.0602,,,,
Bukavu,2012,714000,0.0531,,,,
Kisangani,2012,927000,0.0381,,,,
Kananga,2012,1025000,0.0449,,,,
Lubumbashi,2012,1783000,0.0421,,,,
Mbuji-Mayi,2012,1751000,0.0472,,,,
Kinshasa,2012,10212000,0.0433,,,,
Matadi,2013,318000,0.0291,,,,
Mbandaka,2013,352000,0.0323,,,,
Kolwezi,2013,476000,0.0042,,,,
Kikwit,2013,399000,0.0337,,,,
Kabinda,2013,264000,0.082,,,,
Likasi,2013,469000,0.0285,,,,
Uvira,2013,395000,0.059,,,,
Goma,2013,422000,0.0603,,,,
Bunia,2013,424000,0.068,,,,
Tshikapa,2013,615000,0.0585,,,,
Bukavu,2013,751000,0.0518,,,,
Kisangani,2013,964000,0.0399,,,,
Kananga,2013,1071000,0.0449,,,,
Lubumbashi,2013,1858000,0.0421,,,,
Mbuji-Mayi,2013,1833000,0.0468,,,,
Kinshasa,2013,10655000,0.0434,,,,
Matadi,2014,327000,0.0283,,,,
Mbandaka,2014,364000,0.0341,,,,
Kolwezi,2014,478000,0.0042,,,,
Kikwit,2014,413000,0.0351,,,,
Kabinda,2014,287000,0.0871,,,,
Likasi,2014,481000,0.0256,,,,
Uvira,2014,418000,0.0582,,,,
Goma,2014,448000,0.0616,,,,
Bunia,2014,454000,0.0708,,,,
Tshikapa,2014,652000,0.0602,,,,
Bukavu,2014,791000,0.0533,,,,
Kisangani,2014,1001000,0.0384,,,,
Kananga,2014,1119000,0.0448,,,,
Lubumbashi,2014,1936000,0.042,,,,
Mbuji-Mayi,2014,1919000,0.0469,,,,
Kinshasa,2014,11116000,0.0433,,,,
Matadi,2015,337000,0.0306,,,,
Mbandaka,2015,376000,0.033,,,,
Kolwezi,2015,480000,0.0042,,,,
Kikwit,2015,427000,0.0339,,,,
Kabinda,2015,311000,0.0836,,,,
Likasi,2015,495000,0.0291,,,,
Uvira,2015,443000,0.0598,,,,
Goma,2015,475000,0.0603,,,,
Bunia,2015,486000,0.0705,,,,
Tshikapa,2015,691000,0.0598,,,,
Bukavu,2015,833000,0.0531,,,,
Kisangani,2015,1040000,0.039,,,,
Kananga,2015,1170000,0.0456,,,,
Lubumbashi,2015,2017000,0.0418,,,,
Mbuji-Mayi,2015,2009000,0.0469,,,,
Kinshasa,2015,11598000,0.0434,,,,
Matadi,2016,347000,0.0297,,,,
Mbandaka,2016,388000,0.0319,,,,
Kolwezi,2016,483000,0.0063,,,,
Kikwit,2016,442000,0.0351,,,,
Kabinda,2016,338000,0.0868,,,,
Likasi,2016,508000,0.0263,,,,
Uvira,2016,469000,0.0587,,,,
Goma,2016,503000,0.0589,,,,
Bunia,2016,520000,0.07,,,,
Tshikapa,2016,732000,0.0593,,,,
Bukavu,2016,878000,0.054,,,,
Kisangani,2016,1081000,0.0394,,,,
Kananga,2016,1223000,0.0453,,,,
Lubumbashi,2016,2101000,0.0416,,,,
Mbuji-Mayi,2016,2103000,0.0468,,,,
Kinshasa,2016,12100000,0.0433,,,,
Matadi,2017,357000,0.0288,,,,
Mbandaka,2017,401000,0.0335,,,,
Kolwezi,2017,485000,0.0041,,,,
Kikwit,2017,458000,0.0362,,,,
Kabinda,2017,367000,0.0858,,,,
Likasi,2017,522000,0.0276,,,,
Uvira,2017,497000,0.0597,,,,
Goma,2017,533000,0.0596,,,,
Bunia,2017,556000,0.0692,,,,
Tshikapa,2017,775000,0.0587,,,,
Bukavu,2017,924000,0.0524,,,,
Kisangani,2017,1123000,0.0389,,,,
Kananga,2017,1278000,0.045,,,,
Lubumbashi,2017,2190000,0.0424,,,,
Mbuji-Mayi,2017,2201000,0.0466,,,,
Kinshasa,2017,12624000,0.0433,,,,
Matadi,2018,367000,0.028,,,,
Mbandaka,2018,414000,0.0324,,,,
Kolwezi,2018,487000,0.0041,,,,
Kikwit,2018,473000,0.0328,,,,
Kabinda,2018,398000,0.0845,,,,
Likasi,2018,536000,0.0268,,,,
Uvira,2018,527000,0.0604,,,,
Goma,2018,566000,0.0619,,,,
Bunia,2018,595000,0.0701,,,,
Tshikapa,2018,821000,0.0594,,,,
Bukavu,2018,973000,0.053,,,,
Kisangani,2018,1167000,0.0392,,,,
Kananga,2018,1335000,0.0446,,,,
Lubumbashi,2018,2281000,0.0416,,,,
Mbuji-Mayi,2018,2305000,0.0473,,,,
Kinshasa,2018,13171000,0.0433,,,,
Matadi,2019,378000,0.03,,,,
Mbandaka,2019,428000,0.0338,,,,
Kolwezi,2019,490000,0.0062,,,,
Kikwit,2019,490000,0.0359,,,,
Kabinda,2019,431000,0.0829,,,,
Likasi,2019,552000,0.0299,,,,
Uvira,2019,558000,0.0588,,,,
Goma,2019,599000,0.0583,,,,
Bunia,2019,637000,0.0706,,,,
Tshikapa,2019,869000,0.0585,,,,
Bukavu,2019,1025000,0.0534,,,,
Kisangani,2019,1213000,0.0394,,,,
Kananga,2019,1395000,0.0449,,,,
Lubumbashi,2019,2377000,0.0421,,,,
Mbuji-Mayi,2019,2413000,0.0469,,,,
Kinshasa,2019,13743000,0.0434,,,,
Matadi,2020,390000,0.0317,,,,
Mbandaka,2020,443000,0.035,,,,
Kolwezi,2020,495000,0.0102,,,,
Kikwit,2020,507000,0.0347,,,,
Kabinda,2020,466000,0.0812,,,,
Likasi,2020,568000,0.029,,,,
Uvira,2020,590000,0.0573,,,,
Goma,2020,634000,0.0584,,,,
Bunia,2020,679000,0.0659,,,,
Tshikapa,2020,919000,0.0575,,,,
Bukavu,2020,1078000,0.0517,,,,
Kisangani,2020,1261000,0.0396,,,,
Kananga,2020,1458000,0.0452,,,,
Lubumbashi,2020,2478000,0.0425,,,,
Mbuji-Mayi,2020,2525000,0.0464,,,,
Kinshasa,2020,14342000,0.0436,,,,
Matadi,2021,402000,0.0308,,,,
Mbandaka,2021,459000,0.0361,,,,
Kolwezi,2021,501000,0.0121,,,,
Kikwit,2021,526000,0.0375,,,,
Kabinda,2021,501000,0.0751,,,,
Likasi,2021,586000,0.0317,,,,
Uvira,2021,623000,0.0559,,,,
Goma,2021,670000,0.0568,,,,
Bunia,2021,723000,0.0648,,,,
Tshikapa,2021,971000,0.0566,,,,
Bukavu,2021,1133000,0.051,,,,
Kisangani,2021,1312000,0.0404,,,,
Kananga,2021,1524000,0.0453,,,,
Lubumbashi,2021,2584000,0.0428,,,,
Mbuji-Mayi,2021,2643000,0.0467,,,,
Kinshasa,2021,14970000,0.0438,,,,
Matadi,2022,416000,0.0348,,,,
Mbandaka,2022,476000,0.037,,,,
Kolwezi,2022,511000,0.02,,,,
Kikwit,2022,546000,0.038,,,,
Kabinda,2022,537000,0.0719,,,,
Likasi,2022,605000,0.0324,,,,
Uvira,2022,657000,0.0546,,,,
Goma,2022,707000,0.0552,,,,
Bunia,2022,768000,0.0622,,,,
Tshikapa,2022,1024000,0.0546,,,,
Bukavu,2022,1190000,0.0503,,,,
Kisangani,2022,1366000,0.0412,,,,
Kananga,2022,1593000,0.0453,,,,
Lubumbashi,2022,2695000,0.043,,,,
Mbuji-Mayi,2022,2765000,0.0462,,,,
Kinshasa,2022,15628000,0.044,,,,
Matadi,2023,432000,0.0385,,,,
Mbandaka,2023,494000,0.0378,,,,
Kolwezi,2023,523000,0.0235,,,,
Kikwit,2023,568000,0.0403,,,,
Kabinda,2023,572000,0.0652,,,,
Likasi,2023,627000,0.0364,,,,
Uvira,2023,691000,0.0518,,,,
Goma,2023,744000,0.0523,,,,
Bunia,2023,812000,0.0573,,,,
Tshikapa,2023,1077000,0.0518,,,,
Bukavu,2023,1249000,0.0496,,,,
Kisangani,2023,1423000,0.0417,,,,
Kananga,2023,1664000,0.0446,,,,
Lubumbashi,2023,2812000,0.0434,,,,
Mbuji-Mayi,2023,2892000,0.0459,,,,
Kinshasa,2023,16316000,0.044,,,,
